{
  "1990-1": [2.8766233766233764, 1.8352947138691416, 88, 54, 28, 19, 26, 14, 8, 71],
  "1990-2": [3.542207792207792, 1.8111115663750768, 47, 46, 37, 54, 11, 9, 8, 96],
  "1990-3": [2.090909090909091, 1.6528103727013042, 25, 118, 79, 42, 16, 6, 6, 16],
  "1990-4": [2.9545454545454546, 1.7337608808245022, 31, 76, 70, 46, 10, 3, 3, 69],
  "1990-5": [4.194805194805195, 1.9218528470809773, 21, 39, 43, 31, 22, 26, 26, 100],
  "1990-6": [1.5032467532467533, 1.5866660824804424, 115, 93, 29, 31, 18, 2, 3, 17],
  "1991-1": [3.798076923076923, 1.5033421866350531, 93, 27, 10, 3, 34, 8, 6, 131],
  "1991-2": [4.221153846153846, 1.7426159443444145, 47, 34, 21, 27, 31, 6, 16, 130],
  "1991-3": [2.5576923076923075, 1.6815356118541722, 90, 14, 16, 111, 37, 16, 5, 23],
  "1991-4": [3.128205128205128, 1.6704877186550298, 112, 34, 15, 18, 10, 15, 13, 95],
  "1991-5": [3.801282051282051, 1.582561202635857, 77, 42, 18, 14, 14, 6, 7, 134],
  "1991-6": [1.8076923076923077, 1.4278119325242333, 172, 29, 27, 16, 10, 5, 3, 50],
  "1992-1": [3.6485714285714286, 1.6327359293139507, 110, 32, 11, 14, 14, 20, 18, 131],
  "1992-2": [2.962857142857143, 1.8248769304619927, 31, 113, 41, 43, 34, 18, 3, 67],
  "1992-3": [1.9028571428571428, 1.4884734027598912, 177, 55, 19, 17, 11, 7, 5, 59],
  "1992-4": [3.5, 1.9344635963639967, 68, 55, 39, 22, 10, 36, 34, 86],
  "1992-5": [0.7571428571428571, 0.8951011758229205, 252, 62, 3, 7, 0, 2, 2, 22],
  "1992-6": [2.2542857142857144, 1.7907562653748281, 123, 18, 75, 40, 37, 19, 8, 30],
  "1993-1": [2.026634382566586, 1.2273323793489566, 208, 91, 6, 1, 1, 1, 13, 92],
  "1993-2": [1.9322033898305084, 1.540918333715968, 183, 32, 98, 19, 12, 6, 6, 57],
  "1993-3": [1.1307506053268765, 1.1147927992051527, 293, 33, 6, 15, 21, 7, 8, 30],
  "1993-4": [2.3026634382566584, 1.8665178172766363, 145, 43, 55, 55, 35, 26, 15, 39],
  "1993-5": [3.3825665859564165, 1.9510520228209391, 43, 92, 44, 65, 32, 19, 27, 91],
  "1993-6": [1.8159806295399517, 1.6422310288095443, 186, 38, 81, 22, 20, 26, 6, 34],
  "1994-1": [2.5610389610389612, 1.6466796425902757, 151, 60, 33, 15, 10, 13, 11, 92],
  "1994-2": [5.002597402597402, 1.4159448355780246, 52, 25, 12, 26, 17, 14, 12, 227],
  "1994-3": [3.9324675324675327, 1.6832721807467086, 104, 30, 18, 19, 11, 19, 36, 148],
  "1994-4": [3.342857142857143, 1.8880295670703429, 52, 69, 70, 43, 19, 20, 11, 101],
  "1994-5": [3.220779220779221, 1.9434605120452342, 95, 54, 40, 29, 22, 23, 38, 84],
  "1994-6": [2.090909090909091, 1.3187555347769893, 211, 34, 30, 7, 4, 8, 3, 88],
  "1995-1": [5.055825242718447, 1.4059347919383645, 47, 38, 21, 18, 7, 4, 38, 239],
  "1995-2": [1.7087378640776698, 0.815498042588005, 299, 7, 5, 1, 1, 4, 5, 90],
  "1995-3": [3.1262135922330097, 1.889282504249557, 96, 80, 33, 28, 34, 24, 17, 100],
  "1995-4": [4.592233009708738, 1.7751663253392655, 43, 57, 16, 18, 25, 37, 48, 168],
  "1995-5": [3.4101941747572817, 1.3867955399619643, 141, 48, 30, 8, 1, 7, 5, 172],
  "1995-6": [1.058252427184466, 1.0960135409448215, 291, 37, 22, 12, 5, 5, 6, 34],
  "1996-1": [3.1745283018867925, 1.8526898311704454, 67, 30, 98, 26, 111, 17, 12, 63],
  "1996-2": [2.0306603773584904, 1.3712788197827146, 178, 124, 10, 5, 11, 6, 2, 88],
  "1996-3": [2.3985849056603774, 1.7190471153710534, 49, 176, 73, 22, 14, 19, 19, 52],
  "1996-4": [2.1202830188679247, 1.4839326533083224, 177, 109, 11, 17, 11, 7, 6, 86],
  "1996-5": [0.49292452830188677, 0.8821264104803163, 311, 74, 18, 7, 4, 4, 0, 6],
  "1996-6": [2.2429245283018866, 1.4349501158426103, 196, 79, 16, 15, 3, 6, 10, 99],
  "1997-1": [2.476086956521739, 1.7635124754288332, 91, 143, 30, 23, 102, 15, 8, 48],
  "1997-2": [3.8978260869565218, 1.1629250083585918, 164, 24, 16, 4, 7, 9, 0, 236],
  "1997-3": [1.7782608695652173, 1.2206098149635383, 269, 64, 5, 22, 4, 2, 6, 88],
  "1997-4": [3.743478260869565, 1.9018694948849224, 81, 72, 20, 34, 58, 29, 31, 135],
  "1997-5": [3.3543478260869564, 1.7300082059350865, 136, 51, 36, 31, 21, 19, 14, 152],
  "1997-6": [0.8152173913043478, 1.0069814505905492, 341, 40, 12, 22, 4, 27, 4, 10],
  "1998-1": [3.2052505966587113, 1.7698471880439575, 89, 16, 115, 41, 27, 23, 5, 103],
  "1998-2": [2.7350835322195706, 1.2341111590239537, 213, 19, 26, 6, 5, 4, 5, 141],
  "1998-3": [1.7613365155131264, 1.4923196120889062, 91, 117, 152, 20, 3, 1, 5, 30],
  "1998-4": [3.4630071599045347, 1.6978815722511438, 125, 47, 14, 38, 20, 10, 23, 142],
  "1998-5": [2.9307875894988067, 1.420674138828805, 184, 16, 38, 22, 9, 5, 6, 139],
  "1998-6": [0.6778042959427207, 0.7764139888117685, 340, 29, 6, 10, 7, 1, 2, 24],
  "1999-1": [4.297777777777778, 1.949852688796747, 29, 52, 53, 45, 42, 41, 48, 140],
  "1999-2": [1.6711111111111112, 1.459637689479404, 195, 129, 37, 10, 5, 4, 11, 59],
  "1999-3": [1.5844444444444445, 1.646893133150671, 154, 119, 79, 44, 20, 3, 8, 23],
  "1999-4": [2.8088888888888888, 1.823284967532417, 40, 119, 109, 59, 24, 15, 9, 75],
  "1999-5": [1.8111111111111111, 1.5909761683930594, 195, 103, 44, 18, 5, 7, 31, 47],
  "1999-6": [1.1511111111111112, 1.3044328681780235, 145, 225, 28, 21, 8, 7, 5, 11],
  "2000-1": [4.0954446854663775, 1.4530958704890065, 118, 11, 44, 37, 22, 4, 5, 220],
  "2000-2": [2.767895878524946, 1.5316117550709165, 50, 213, 41, 13, 6, 18, 12, 108],
  "2000-3": [0.6550976138828634, 0.9768949479763614, 335, 60, 29, 13, 6, 2, 1, 15],
  "2000-4": [3.1822125813449023, 2.0083805738988545, 85, 78, 62, 49, 28, 29, 49, 81],
  "2000-5": [1.6334056399132322, 1.3353633227918684, 257, 82, 16, 12, 14, 1, 11, 68],
  "2000-6": [1.0498915401301518, 1.0144225742431492, 335, 5, 51, 15, 11, 9, 2, 33],
  "2001-1": [3.6448202959830867, 1.6647629632955194, 132, 28, 47, 45, 12, 12, 20, 177],
  "2001-2": [1.5496828752642706, 1.146846717333866, 311, 40, 15, 9, 11, 7, 3, 77],
  "2001-3": [0.8773784355179705, 1.1705263075552237, 272, 127, 36, 8, 1, 6, 3, 20],
  "2001-4": [3.2325581395348837, 1.54053436427934, 147, 79, 34, 11, 15, 6, 8, 173],
  "2001-5": [2.72938689217759, 1.7772467335666877, 93, 48, 145, 67, 17, 16, 5, 82],
  "2001-6": [0.7780126849894292, 0.8456472325337794, 380, 20, 16, 8, 10, 9, 3, 27],
  "2002-1": [3.4488517745302714, 1.5497274374252314, 179, 39, 11, 11, 8, 15, 61, 155],
  "2002-2": [3.55741127348643, 1.4006202348995096, 173, 46, 1, 4, 0, 6, 129, 120],
  "2002-3": [0.5908141962421712, 0.8440042359911697, 311, 145, 1, 2, 0, 4, 2, 14],
  "2002-4": [3.895615866388309, 1.7216736666406542, 106, 45, 15, 38, 70, 9, 20, 176],
  "2002-5": [2.267223382045929, 1.6627656579821186, 97, 159, 101, 21, 0, 10, 25, 66],
  "2002-6": [0.4091858037578288, 0.6254758926808383, 408, 21, 25, 12, 0, 1, 0, 12],
  "2003-1": [3.5579868708971554, 1.359500141906905, 123, 18, 111, 0, 0, 24, 1, 180],
  "2003-2": [2.3041575492341355, 1.6682150581815258, 117, 119, 40, 93, 0, 20, 1, 67],
  "2003-3": [0.4048140043763676, 0.3291770923977159, 424, 5, 0, 3, 1, 0, 1, 23],
  "2003-4": [4.63238512035011, 1.228730839369262, 90, 31, 23, 35, 1, 3, 2, 272],
  "2003-5": [1.612691466083151, 1.3111663580420507, 193, 161, 20, 6, 5, 1, 4, 67],
  "2003-6": [0.5776805251641138, 0.7405072321311265, 357, 64, 9, 1, 0, 1, 1, 24],
  "2004-1": [4.602880658436214, 1.5581493713683947, 94, 29, 21, 19, 9, 2, 121, 191],
  "2004-2": [2.7613168724279835, 1.857229252628448, 79, 158, 57, 32, 23, 23, 31, 83],
  "2004-3": [1.0123456790123457, 1.3426727328313337, 249, 100, 80, 30, 15, 1, 0, 11],
  "2004-4": [4.080246913580247, 1.3321642225396157, 140, 33, 27, 16, 8, 6, 6, 250],
  "2004-5": [2.5123456790123457, 1.762334442296196, 157, 57, 18, 124, 35, 18, 13, 64],
  "2004-6": [1.257201646090535, 1.282321842756479, 289, 85, 33, 14, 7, 6, 4, 48],
  "2005-1": [2.6140350877192984, 1.5308339561276707, 207, 59, 65, 20, 5, 11, 5, 141],
  "2005-2": [3.050682261208577, 1.361844514199528, 96, 202, 13, 7, 11, 7, 2, 175],
  "2005-3": [0.9122807017543859, 0.6386598959451122, 423, 23, 3, 0, 0, 0, 9, 55],
  "2005-4": [3.7582846003898633, 1.2734867366448936, 90, 145, 30, 0, 0, 3, 7, 238],